설정,방법,예산,시드,성공률,위험 시나리오 성공률,충돌률
v3,CARE,2%,10,0.703 ± 0.029,0.583,0.187
v3,저장소 + 감속 트리거,2%,9,0.698 ± 0.036,0.603,0.178
v3,무작위(공유 저장소),2%,10,0.660 ± 0.045,0.545,0.255
v4,CARE,2%,10,0.851 ± 0.025,0.755,0.136
v4,저장소 + 감속 트리거,2%,10,0.849 ± 0.015,0.767,0.111
v4,무작위(공유 저장소),2%,10,0.813 ± 0.030,0.715,0.171
v4,전체(100%),100%,5,0.958 ± 0.013,0.933,0.030
v4_noaux,CARE,2%,9,0.819 ± 0.030,0.725,0.153
v4_noaux,저장소 + 감속 트리거,2%,9,0.803 ± 0.019,0.705,0.138
v4_noaux,무작위(공유 저장소),2%,10,0.798 ± 0.020,0.687,0.185
