모델,파라미터,macro-F1 (20fps),제동 AUROC,제동 이벤트 recall,제동 프레임 recall,오경보/분,macro-F1 (10fps 재계산)
다수 클래스,0,0.237 ± 0.111,-,0.000 ± 0.000,0.000 ± 0.000,0.00 ± 0.00,-
룰(v2 특징),0,0.416 ± 0.109,-,0.810 ± 0.214,0.408 ± 0.276,21.40 ± 16.53,-
"MLP(마지막 프레임, 시간정보 없음)","11,429",0.398 ± 0.088,0.705 ± 0.119,0.394 ± 0.382,0.176 ± 0.186,2.69 ± 3.68,0.398 ± 0.089
GRU,"58,086",0.432 ± 0.104,0.721 ± 0.132,0.434 ± 0.359,0.259 ± 0.220,3.41 ± 4.15,0.436 ± 0.111
단일채널 CNN-GRU(문헌형),"38,597",0.457 ± 0.078,0.754 ± 0.090,0.537 ± 0.302,0.335 ± 0.207,5.69 ± 5.01,0.459 ± 0.090
"멀티채널 CNN-GRU(균등 분할, v2)","64,902",0.442 ± 0.090,0.731 ± 0.110,0.587 ± 0.322,0.318 ± 0.213,5.62 ± 3.80,0.442 ± 0.091
"멀티채널 CNN-GRU(의미 그룹, v2)","56,166",0.454 ± 0.112,0.711 ± 0.142,0.528 ± 0.329,0.290 ± 0.202,5.62 ± 5.57,0.459 ± 0.123
의미 그룹(v2) + 창 16,"56,166",0.473 ± 0.118,0.744 ± 0.130,0.508 ± 0.308,0.353 ± 0.204,3.53 ± 3.10,0.473 ± 0.124
"2026-03 구성(v1 특징, 균등 분할)","64,902",0.302 ± 0.085,0.550 ± 0.109,0.131 ± 0.210,0.021 ± 0.050,1.26 ± 2.47,0.304 ± 0.089
멀티채널 의미 그룹(v1 특징),"64,974",0.321 ± 0.086,0.566 ± 0.107,0.215 ± 0.282,0.051 ± 0.078,2.15 ± 3.85,0.324 ± 0.083
멀티채널 의미 그룹(v1+v2 결합 특징),"57,318",0.428 ± 0.129,0.730 ± 0.118,0.636 ± 0.394,0.396 ± 0.284,5.63 ± 4.44,0.427 ± 0.129
멀티채널 의미 그룹(v1+v2 결합) + 창 16,"57,318",0.445 ± 0.088,0.782 ± 0.099,0.610 ± 0.282,0.448 ± 0.254,3.65 ± 3.13,0.442 ± 0.097
