모델,파라미터,macro-F1,감속/정지 이벤트 recall,감속/정지 프레임 recall,오경보/분
"MLP(마지막 프레임, 시간정보 없음)","11,623",0.416 ± 0.002,0.431 ± 0.000,0.166 ± 0.006,1.10 ± 0.11
GRU,"58,280",0.467 ± 0.009,0.523 ± 0.020,0.288 ± 0.034,0.80 ± 0.21
단일채널 CNN-GRU(문헌형),"38,791",0.481 ± 0.010,0.557 ± 0.020,0.320 ± 0.027,0.86 ± 0.11
"멀티채널 CNN-GRU(균등 분할, v2)","65,096",0.480 ± 0.005,0.506 ± 0.026,0.316 ± 0.035,0.76 ± 0.13
"멀티채널 CNN-GRU(의미 그룹, v2)","56,360",0.477 ± 0.012,0.534 ± 0.046,0.321 ± 0.044,0.87 ± 0.27
"2026-03 구성(v1 특징, 균등 분할)","65,096",0.440 ± 0.017,0.437 ± 0.010,0.210 ± 0.025,0.74 ± 0.08
주행 사전학습 → 로봇 zero-shot,"56,360",0.129 ± 0.000,0.966 ± 0.000,0.752 ± 0.000,7.60 ± 0.00
"로봇 10% 데이터, 처음부터 학습","56,360",0.389 ± 0.026,0.351 ± 0.040,0.123 ± 0.069,0.57 ± 0.24
"로봇 10% 데이터, 주행 사전학습 후 미세조정","56,360",0.419 ± 0.006,0.425 ± 0.010,0.225 ± 0.014,0.68 ± 0.17
