모델,파라미터,정확도,macro-F1,macro-F1 95% CI,제동 이벤트 recall,제동 프레임 recall,오경보/분,검출 지연 중앙값(s),라벨 전환/분,ECE
다수 클래스,0,0.444,0.103,"[0.092, 0.127]",0.000,0.000,0.00,-,0.0,-
"룰(v1 특징, 2026-03 비교군 형태)",0,0.608,0.285,"[0.245, 0.317]",0.788,0.117,1.07,0.30,230.1,-
룰(v2 특징),0,0.591,0.312,"[0.274, 0.338]",0.962,0.311,8.86,-0.23,229.1,-
"MLP(마지막 프레임, 시간정보 없음)","11,623",0.646 ± 0.006,0.416 ± 0.009,"[0.342, 0.455]",0.574 ± 0.006,0.132 ± 0.003,0.30 ± 0.12,0.43 ± 0.03,120.9 ± 22.1,0.022 ± 0.011
GRU,"58,280",0.681 ± 0.005,0.522 ± 0.019,"[0.442, 0.561]",0.708 ± 0.043,0.304 ± 0.036,0.96 ± 0.21,0.27 ± 0.07,53.7 ± 1.7,0.017 ± 0.005
단일채널 CNN-GRU(문헌형),"38,791",0.683 ± 0.008,0.566 ± 0.008,"[0.490, 0.602]",0.888 ± 0.053,0.545 ± 0.079,1.73 ± 0.85,0.36 ± 0.07,54.6 ± 6.3,0.020 ± 0.009
"멀티채널 CNN-GRU(균등 분할, v2)","65,096",0.693 ± 0.004,0.580 ± 0.023,"[0.504, 0.616]",0.856 ± 0.100,0.487 ± 0.115,0.88 ± 0.54,0.44 ± 0.14,60.5 ± 8.4,0.014 ± 0.009
"멀티채널 CNN-GRU(의미 그룹, v2)","56,360",0.686 ± 0.002,0.560 ± 0.024,"[0.487, 0.594]",0.811 ± 0.111,0.449 ± 0.121,0.82 ± 0.57,0.47 ± 0.12,54.7 ± 17.7,0.019 ± 0.006
의미 그룹(v2) + CB-focal 손실,"56,360",0.688 ± 0.005,0.579 ± 0.006,"[0.504, 0.613]",0.875 ± 0.048,0.531 ± 0.083,1.41 ± 0.79,0.33 ± 0.07,60.0 ± 5.3,0.045 ± 0.009
의미 그룹(v2) + 창 16,"56,360",0.698 ± 0.005,0.607 ± 0.007,"[0.528, 0.643]",0.885 ± 0.019,0.628 ± 0.062,2.10 ± 1.06,0.34 ± 0.19,49.5 ± 8.8,0.012 ± 0.002
의미 그룹(v2) + 인과 EMA 평활화,"56,360",0.687 ± 0.004,0.561 ± 0.024,"[0.488, 0.594]",0.808 ± 0.108,0.446 ± 0.117,0.74 ± 0.45,0.52 ± 0.08,47.3 ± 4.9,0.021 ± 0.009
"2026-03 구성(v1 특징, 균등 분할)","65,096",0.812 ± 0.009,0.506 ± 0.016,"[0.429, 0.552]",0.519 ± 0.102,0.198 ± 0.031,0.70 ± 0.33,0.20 ± 0.00,27.8 ± 4.7,0.035 ± 0.007
2026-03 구성 + 하이브리드 룰 게이트,"65,096",0.806 ± 0.011,0.500 ± 0.014,"[0.435, 0.540]",0.715 ± 0.053,0.235 ± 0.014,1.05 ± 0.23,0.46 ± 0.08,49.2 ± 7.7,0.035 ± 0.007
멀티채널 의미 그룹(v1 특징),"65,168",0.823 ± 0.007,0.515 ± 0.016,"[0.439, 0.563]",0.503 ± 0.128,0.202 ± 0.038,0.44 ± 0.18,0.27 ± 0.07,23.8 ± 4.1,0.027 ± 0.009
