방법,cut_in,dense_traffic,follow,free_drive,lead_brake,stop_and_go,vru_crossing
무작위,0.81,0.87,0.78,0.84,0.37,0.46,0.38
감속 트리거,0.00,0.17,0.00,0.02,0.00,0.06,0.00
역 TTC 규칙,0.48,0.05,0.51,0.63,0.32,0.65,0.24
불확실성,0.14,0.90,0.02,0.02,0.12,0.62,0.10
Coreset,0.37,0.24,0.40,0.52,0.21,0.37,0.32
맥락 이벤트,0.03,0.16,0.00,0.03,0.03,0.16,0.00
제안(CARE),0.90,0.92,0.90,0.75,0.60,0.63,0.54
오프라인 손실*,0.00,0.06,0.00,0.00,0.00,0.13,0.00
오라클*,0.05,0.22,0.03,0.00,0.00,0.35,0.05
전체(100%),0.97,1.00,1.00,1.00,0.83,0.94,0.56
