방법,엣지 가능,예산,성공률,위험 시나리오 성공률,충돌률,속도 오차(m/s),headway 오차(s),RMS jerk,개루프 MAE,위험 MAE,위험 프레임 회수율
무작위,O,2%,0.644 ± 0.123,0.504 ± 0.133,0.193 ± 0.034,4.56 ± 1.93,1.07 ± 0.01,1.38 ± 0.13,0.745 ± 0.036,2.758 ± 0.250,0.024 ± 0.002
등간격,O,2%,0.687 ± 0.065,0.599 ± 0.066,0.238 ± 0.065,2.65 ± 0.16,1.05 ± 0.03,1.14 ± 0.14,0.794 ± 0.074,2.927 ± 0.283,0.025 ± 0.003
감속 트리거,O,2%,0.036 ± 0.004,0.016 ± 0.007,0.002 ± 0.004,14.18 ± 0.08,0.99 ± 0.01,5.98 ± 0.47,5.665 ± 0.044,2.418 ± 0.023,0.190 ± 0.000
역 TTC 규칙,O,2%,0.410 ± 0.046,0.421 ± 0.025,0.093 ± 0.008,9.25 ± 0.59,0.96 ± 0.05,3.08 ± 0.11,1.308 ± 0.028,2.408 ± 0.065,0.109 ± 0.000
불확실성,O,2%,0.299 ± 0.041,0.270 ± 0.048,0.045 ± 0.004,8.85 ± 0.35,1.12 ± 0.04,1.61 ± 0.12,3.042 ± 0.256,2.306 ± 0.028,0.146 ± 0.000
Coreset,X,2%,0.345 ± 0.022,0.313 ± 0.018,0.147 ± 0.051,8.71 ± 1.32,1.02 ± 0.02,2.92 ± 0.18,1.534 ± 0.074,2.480 ± 0.029,0.099 ± 0.001
맥락 이벤트,O,2%,0.059 ± 0.016,0.056 ± 0.027,0.011 ± 0.004,13.77 ± 0.33,1.00 ± 0.02,3.37 ± 0.11,4.213 ± 0.155,2.147 ± 0.025,0.208 ± 0.000
제안(CARE),O,2%,0.751 ± 0.021,0.671 ± 0.073,0.161 ± 0.052,2.99 ± 0.46,1.05 ± 0.01,1.35 ± 0.03,0.728 ± 0.105,2.864 ± 0.068,0.037 ± 0.001
오프라인 손실*,X,2%,0.027 ± 0.024,0.032 ± 0.014,0.039 ± 0.010,13.12 ± 0.67,0.98 ± 0.04,3.87 ± 0.44,3.218 ± 0.069,2.369 ± 0.079,0.170 ± 0.000
오라클*,X,2%,0.100 ± 0.008,0.111 ± 0.030,0.000 ± 0.000,10.68 ± 0.54,1.00 ± 0.04,1.84 ± 0.02,4.628 ± 0.122,1.651 ± 0.050,0.276 ± 0.000
전체(100%),-,100%,0.898 ± 0.018,0.821 ± 0.031,0.100 ± 0.021,1.93 ± 0.32,1.02 ± 0.03,1.23 ± 0.17,0.455 ± 0.016,2.116 ± 0.136,1.000
