방법,예산,경사 단계,시드 수,검증 성공률,충돌률,속도 오차,학습 시간(s)
감속 트리거,1%,6000,1,0.048 ± 0.000,0.048 ± 0.000,13.99 ± 0.00,710
감속 트리거,2%,6000,1,0.071 ± 0.000,0.000 ± 0.000,13.85 ± 0.00,758
감속 트리거,5%,6000,1,0.143 ± 0.000,0.000 ± 0.000,12.52 ± 0.00,678
전체(100%),100%,1000,1,0.857 ± 0.000,0.143 ± 0.000,1.80 ± 0.00,144
전체(100%),100%,3000,3,0.873 ± 0.014,0.127 ± 0.014,1.65 ± 0.16,431
전체(100%),100%,6000,1,1.000 ± 0.000,0.000 ± 0.000,0.83 ± 0.00,831
오라클*,1%,6000,1,0.143 ± 0.000,0.024 ± 0.000,11.04 ± 0.00,764
오라클*,2%,6000,1,0.095 ± 0.000,0.024 ± 0.000,9.23 ± 0.00,680
오라클*,5%,6000,1,0.119 ± 0.000,0.000 ± 0.000,12.75 ± 0.00,685
오라클*,10%,3000,3,0.254 ± 0.036,0.000 ± 0.000,9.56 ± 1.12,344
제안(CARE),1%,6000,1,0.429 ± 0.000,0.071 ± 0.000,6.76 ± 0.00,751
제안(CARE),2%,6000,1,0.500 ± 0.000,0.071 ± 0.000,6.06 ± 0.00,748
제안(CARE),5%,6000,1,0.714 ± 0.000,0.024 ± 0.000,5.31 ± 0.00,716
무작위,1%,6000,1,0.452 ± 0.000,0.238 ± 0.000,6.47 ± 0.00,704
무작위,2%,6000,1,0.667 ± 0.000,0.190 ± 0.000,4.10 ± 0.00,779
무작위,5%,6000,1,0.905 ± 0.000,0.024 ± 0.000,2.47 ± 0.00,800
무작위,10%,1000,1,0.881 ± 0.000,0.119 ± 0.000,2.78 ± 0.00,123
무작위,10%,3000,3,0.897 ± 0.036,0.079 ± 0.036,2.23 ± 0.17,345
무작위,10%,6000,1,0.929 ± 0.000,0.024 ± 0.000,2.06 ± 0.00,666
