방법,예산,특징 토큰,실행,제동 시작 AUROC,MAE,제동 MAE
action_trigger,10%,O,10,0.581 ± 0.091,1.050,0.441
action_trigger,20%,O,10,0.580 ± 0.074,0.833,0.399
care,10%,O,10,0.513 ± 0.102,0.558,0.879
care,20%,O,10,0.570 ± 0.074,0.558,0.850
full,100%,X,10,0.523 ± 0.102,0.602,0.884
full,100%,O,10,0.528 ± 0.150,0.531,0.801
mix_trigger,10%,O,10,0.540 ± 0.098,0.597,0.729
mix_trigger,20%,O,10,0.560 ± 0.120,0.603,0.742
random_shared,10%,O,10,0.508 ± 0.088,0.565,0.855
random_shared,20%,O,10,0.564 ± 0.076,0.564,0.772
